frame,[L] 0X,0y,1x,1y,2x,2y,3x,3y,4x,4y,5x,5y,6x,6y,7x,7y,8x,8y,9x,9y,10x,10y,11x,11y,12x,12y,13x,13y,14x,14y,15x,15y,16x,16y,17x,17y,18x,18y,19x,19y,20x,20y,[R] 0x,0y,1x,1y,2x,2y,3x,3y,4x,4y,5x,5y,6x,6y,7x,7y,8x,8y,9x,9y,10x,10y,11x,11y,12x,12y,13x,13y,14x,14y,15x,15y,16x,16y,17x,17y,18x,18y,19x,19y,20x,20y
35,None,None,None,None,None,None,None,None,None,None,None,None,None,None,None,None,None,None,None,None,None,None,None,None,None,None,None,None,None,None,None,None,None,None,None,None,None,None,None,None,None,None,0.46608448,0.654689431,0.480869442,0.63787365,0.493752897,0.639207244,0.503518641,0.646391571,0.512435019,0.649899602,0.493709654,0.663967729,0.508351684,0.684706986,0.516291201,0.696654916,0.521994352,0.706098318,0.489310861,0.680166781,0.504571497,0.702336013,0.513161182,0.714998662,0.518805504,0.72332418,0.484404892,0.693061173,0.498010665,0.715273917,0.505660892,0.72624433,0.510042906,0.73289603,0.479075611,0.704001069,0.490836918,0.722527385,0.497208685,0.729929566,0.501296818,0.732459605
36,0.551772237,0.591744244,0.531085193,0.596141577,0.518126011,0.614112318,0.510062873,0.630856037,0.506686926,0.642682612,0.513118982,0.634859741,0.503388345,0.668423116,0.500612557,0.686092019,0.499854565,0.696543097,0.519550204,0.643522561,0.509929299,0.683376729,0.506056964,0.703293324,0.503810406,0.714684665,0.527498662,0.650349617,0.518382192,0.687447131,0.513231754,0.706540167,0.509318829,0.717236936,0.535892367,0.654138029,0.52872932,0.683501244,0.524564326,0.699237883,0.52075994,0.710809886,None,None,None,None,None,None,None,None,None,None,None,None,None,None,None,None,None,None,None,None,None,None,None,None,None,None,None,None,None,None,None,None,None,None,None,None,None,None,None,None,None,None
37,0.560187161,0.5491032,0.538710475,0.552830994,0.524045765,0.575728059,0.516638994,0.598541141,0.513796687,0.618843913,0.520573616,0.589476049,0.51015681,0.630937815,0.508644283,0.650502324,0.508090377,0.660073817,0.526908994,0.598418772,0.516708314,0.644480705,0.514113188,0.665691197,0.512653172,0.675562739,0.534764707,0.605673075,0.524681926,0.64722544,0.520931542,0.666392922,0.518728852,0.674872041,0.542962015,0.610533655,0.535372853,0.64327848,0.531788528,0.658453643,0.529037237,0.667448103,0.456290811,0.580924153,0.469678313,0.611448646,0.484414637,0.627157867,0.494727939,0.631198764,0.501935065,0.636629641,0.498614848,0.617144525,0.515191853,0.633019209,0.519784987,0.650002897,0.521111906,0.665104508,0.498351008,0.601543188,0.515105665,0.621805608,0.519540668,0.640710235,0.520301282,0.655642748,0.495836079,0.585923314,0.511566699,0.602512479,0.514826238,0.621745825,0.513238549,0.636599541,0.4911713,0.569248497,0.504391491,0.571140587,0.507139921,0.582691789,0.505402148,0.592778921
38,0.565756738,0.502147377,0.547239602,0.500121593,0.531713724,0.517571449,0.52309674,0.538019836,0.518119335,0.555886567,0.528032839,0.526492238,0.516140699,0.562521279,0.51239717,0.582965076,0.510677934,0.595871508,0.535065234,0.53572768,0.523052752,0.577462316,0.518283427,0.598495901,0.516146123,0.608983874,0.543147147,0.544161618,0.531335473,0.582480729,0.525815725,0.601084828,0.522842586,0.610013962,0.55110991,0.550724626,0.541849673,0.580294788,0.537552834,0.594834745,0.533976376,0.602687001,0.445683837,0.518499434,0.459382892,0.498922646,0.476576895,0.4924573,0.49005875,0.490562081,0.49659875,0.491444945,0.486664802,0.505523026,0.501352847,0.521419942,0.496595442,0.520450592,0.491451442,0.51577127,0.485050529,0.522434473,0.497534364,0.541290939,0.491245121,0.537730515,0.485091478,0.531741023,0.48048988,0.537856758,0.491096407,0.55508393,0.485226959,0.549737096,0.479580849,0.543437302,0.474244446,0.551137745,0.48326239,0.565162122,0.479579955,0.559763491,0.474776626,0.553390741
39,0.574301362,0.452974737,0.556828439,0.438354164,0.541475296,0.44171375,0.531251073,0.45332998,0.52721554,0.462354094,0.532337904,0.466309339,0.520874381,0.493921161,0.521838784,0.500797033,0.525695801,0.49992606,0.536763549,0.478279531,0.525677443,0.508380353,0.526040852,0.514755726,0.528307557,0.514270186,0.542690516,0.487598747,0.532945693,0.515103161,0.533473432,0.518572211,0.535120726,0.515276134,0.550276756,0.493966669,0.543044209,0.517374396,0.542694986,0.521188021,0.543528736,0.518116117,0.435536921,0.46412006,0.452788591,0.444302201,0.466812581,0.430837512,0.476122469,0.42779991,0.481800437,0.429037154,0.464989275,0.42006886,0.47942546,0.419603974,0.481975317,0.424888641,0.481096745,0.427138537,0.459714383,0.430960029,0.474411458,0.434866041,0.475759238,0.440061241,0.473922312,0.44292441,0.454554796,0.446007907,0.467556,0.452927232,0.46811527,0.45787856,0.466086715,0.460762322,0.44959417,0.463350594,0.459276259,0.468540132,0.460324347,0.471079022,0.458990425,0.472146213
40,0.586222291,0.401006699,0.570682883,0.378478825,0.55591017,0.374016434,0.545710385,0.386781365,0.541996181,0.404374689,0.548914552,0.365446985,0.533672392,0.389539093,0.536070824,0.402023792,0.540903807,0.401848406,0.551845312,0.378678739,0.538401246,0.408495098,0.541397214,0.416560382,0.545684934,0.413029522,0.556194723,0.394583285,0.544545591,0.423202604,0.548273861,0.425640106,0.553094685,0.418640673,0.561800718,0.410487831,0.5518592,0.430702955,0.554998457,0.430868864,0.559283793,0.424635738,0.4349823,0.406419337,0.453009367,0.399209589,0.465746433,0.382457495,0.472765952,0.367982119,0.476506919,0.359741926,0.4659293,0.359465927,0.473915011,0.335499048,0.473885238,0.34521699,0.472115964,0.355110645,0.457344443,0.356207639,0.464120716,0.335178018,0.464069963,0.347780704,0.462558508,0.35920772,0.448379725,0.357990503,0.454984337,0.341165245,0.455826968,0.352012426,0.454401791,0.363072097,0.439877629,0.362330288,0.445081085,0.349415094,0.446663022,0.357622504,0.446062148,0.367082149
41,None,None,None,None,None,None,None,None,None,None,None,None,None,None,None,None,None,None,None,None,None,None,None,None,None,None,None,None,None,None,None,None,None,None,None,None,None,None,None,None,None,None,0.429516852,0.361784786,0.444944561,0.347382218,0.456202626,0.327092886,0.463753104,0.313004881,0.470314831,0.300882995,0.443682432,0.295665979,0.445235223,0.271530151,0.446993351,0.257437587,0.448231906,0.246773645,0.437434942,0.299108535,0.438656986,0.275406092,0.441691816,0.263747096,0.443940878,0.254974544,0.433003545,0.305956334,0.434907228,0.285756379,0.438881397,0.277953386,0.441938609,0.273710877,0.430056661,0.315810084,0.431052744,0.301169455,0.433411419,0.293350369,0.435083866,0.289051473
42,0.587484896,0.330061138,0.572228849,0.314199865,0.56226939,0.293382168,0.556325078,0.279690355,0.550086319,0.269915402,0.565681159,0.255512834,0.55953902,0.226036221,0.553038418,0.218282476,0.549666762,0.217012316,0.572336376,0.255768031,0.564727604,0.224937111,0.558315694,0.2248265,0.555520356,0.228679314,0.578579724,0.261884332,0.572602391,0.23458986,0.566501379,0.234187946,0.563753724,0.236141205,0.585222125,0.272882223,0.580621719,0.251501054,0.575704753,0.251304358,0.573108554,0.252436429,0.425193995,0.347613543,0.440461546,0.322743803,0.450372308,0.302425146,0.457006842,0.288510025,0.462633163,0.275813967,0.440602899,0.286925644,0.442460239,0.268671155,0.443571955,0.248121411,0.444714814,0.230160475,0.43426168,0.289269447,0.434535235,0.267495662,0.436424702,0.241855502,0.436872244,0.220409185,0.428555608,0.295119137,0.429567635,0.273248553,0.432434797,0.248633295,0.433739096,0.230385408,0.424514353,0.302593023,0.426286161,0.283368707,0.428288937,0.264623225,0.429276288,0.247695178
43,0.58993113,0.295369625,0.574850082,0.281045318,0.564039707,0.259732723,0.557690322,0.24279128,0.551295877,0.227593437,0.570793569,0.2268617,0.567820013,0.192988202,0.565644979,0.181084871,0.564911723,0.173826128,0.577787936,0.226080433,0.574777663,0.190735966,0.572805047,0.177772701,0.571903706,0.171172351,0.584228456,0.230484575,0.582706392,0.198485345,0.580825925,0.186356634,0.578872502,0.178533122,0.590878487,0.239355788,0.590354681,0.216282278,0.588940501,0.205243051,0.587514222,0.196431562,0.420834601,0.286097288,0.43710503,0.266077608,0.447813869,0.242529184,0.455711931,0.226860195,0.461977303,0.218149334,0.435875982,0.204696208,0.435492694,0.175787866,0.435531259,0.158763766,0.435387522,0.143945217,0.430067182,0.205489352,0.429429084,0.173534125,0.430098593,0.154762551,0.430311322,0.138113543,0.424860656,0.210806549,0.423730969,0.181964517,0.424677849,0.164854392,0.42567569,0.149280787,0.419940084,0.220600814,0.418027639,0.198796749,0.418654859,0.184566647,0.419696748,0.170562506
44,0.588457465,0.267027617,0.575015545,0.252446532,0.564866722,0.228781432,0.557953238,0.209719405,0.549975693,0.198834985,0.572840512,0.193872511,0.56983465,0.164904252,0.568592966,0.150036409,0.568137646,0.136264712,0.579560161,0.19260034,0.577350676,0.158983335,0.57606262,0.141343772,0.575340092,0.126579642,0.585642993,0.196423203,0.585066795,0.164568752,0.584234953,0.147939563,0.582803905,0.133155853,0.591890156,0.205579251,0.592911065,0.18344973,0.592914939,0.170314208,0.592152834,0.157372534,0.418622941,0.26993978,0.43408674,0.241942689,0.445110738,0.219439775,0.453505009,0.204949051,0.462339461,0.195815146,0.434646696,0.1859736,0.434779942,0.160581931,0.43452853,0.142171085,0.434139103,0.122982234,0.428289711,0.186289415,0.42941007,0.157907486,0.430301666,0.136064351,0.429228544,0.11685311,0.422865242,0.190586254,0.422828078,0.161602363,0.424042255,0.140808538,0.424224675,0.124128498,0.418260276,0.197562754,0.418168426,0.173637599,0.418628246,0.157219589,0.418490112,0.142295271
45,0.589650273,0.253516763,0.574732482,0.234554291,0.564465344,0.21242857,0.556758344,0.194342777,0.546657562,0.184210062,0.570982873,0.177679822,0.569128335,0.151291892,0.567827046,0.133689284,0.567133129,0.116919219,0.577924371,0.175730482,0.576529443,0.145430818,0.575219274,0.124140702,0.574553907,0.105199859,0.58477509,0.178020239,0.584877193,0.149924457,0.584108472,0.130455762,0.583563626,0.112594701,0.591903806,0.185162678,0.592227101,0.162069678,0.591702521,0.147494778,0.591515481,0.133340359,0.421694666,0.232885584,0.436709881,0.215421647,0.448166132,0.192107111,0.456283122,0.175699726,0.463133067,0.168161169,0.435494512,0.151287198,0.434479952,0.119852975,0.433975428,0.102678925,0.433168918,0.088856891,0.429573327,0.150559351,0.42786625,0.116413698,0.427651167,0.098590568,0.42700541,0.084627084,0.42371875,0.153493822,0.4221389,0.122732379,0.42296955,0.105398983,0.423392862,0.091347083,0.418014586,0.160871357,0.415873587,0.137139648,0.416472673,0.123028368,0.417217135,0.110933065
46,0.583639145,0.227842659,0.570028305,0.214518696,0.559507251,0.192467973,0.552265882,0.174808845,0.542398214,0.167255223,0.568161368,0.155891672,0.565806448,0.124996468,0.564495981,0.108386993,0.563264251,0.093883052,0.575222194,0.153854892,0.57325381,0.117025912,0.571965575,0.097637087,0.571023464,0.081653088,0.581794798,0.157333344,0.580973268,0.122508645,0.579300702,0.103893086,0.577276289,0.087469235,0.588424146,0.166090086,0.589443862,0.141214833,0.589524329,0.125559255,0.589157581,0.109710507,0.421997279,0.219900489,0.437360674,0.199118033,0.44855085,0.178490266,0.457801044,0.165197551,0.466472268,0.160367057,0.437229723,0.139235303,0.437265128,0.11088372,0.437112421,0.093164362,0.436610103,0.077045664,0.4310157,0.138446003,0.431241244,0.107680596,0.431187183,0.087937713,0.430497438,0.070571482,0.425281286,0.141846001,0.425294846,0.112269834,0.425797909,0.09440437,0.426187932,0.078190491,0.419451743,0.149099261,0.418944985,0.126057237,0.419413269,0.111624308,0.419663101,0.097199619
47,0.582072556,0.222149104,0.568136215,0.209538996,0.557704031,0.188418016,0.550614774,0.171620801,0.541297555,0.165881529,0.565082788,0.150340676,0.562967181,0.121640138,0.56213659,0.104192615,0.562013388,0.088072449,0.571957588,0.14722012,0.569864511,0.114302799,0.568596303,0.093907662,0.568115056,0.075818434,0.578689039,0.14880386,0.577801168,0.11760655,0.576641858,0.098582529,0.575679183,0.081930608,0.58587116,0.155330628,0.586498797,0.131372541,0.586613119,0.116340727,0.586514115,0.101559252,0.423639327,0.208659813,0.439171523,0.190127507,0.45023796,0.170087412,0.459331155,0.157858536,0.467877865,0.154841706,0.439436287,0.130255058,0.4397524,0.1024618,0.439612538,0.085134536,0.438913822,0.069324024,0.432991832,0.128908187,0.433314174,0.099026576,0.433398724,0.079914942,0.432699233,0.062847435,0.427177995,0.132021978,0.427342057,0.103018269,0.427904159,0.0859036,0.428231895,0.070403464,0.421454817,0.139047131,0.421374232,0.116290115,0.421969444,0.10206145,0.422370523,0.08785443
48,0.580260456,0.215481803,0.566640675,0.204404801,0.555977643,0.184323624,0.548540354,0.168782741,0.539075196,0.164842248,0.56311202,0.145925045,0.560611367,0.117975563,0.559531391,0.100802578,0.559181154,0.084975004,0.570089221,0.141800657,0.567427993,0.109317541,0.56613481,0.088862352,0.565438926,0.070957586,0.576770306,0.142426893,0.575450301,0.111535788,0.574122369,0.09222921,0.57291919,0.075557195,0.583819091,0.147910416,0.584354103,0.123999462,0.584730923,0.108905748,0.584898174,0.094181582,0.425686479,0.199683398,0.440962911,0.183925033,0.451991051,0.165695772,0.461720496,0.154238477,0.470398098,0.15343146,0.44097814,0.124466404,0.441557854,0.097439803,0.441986918,0.08114358,0.4418993,0.066085115,0.434658289,0.12299668,0.435303688,0.093099467,0.435888797,0.074160464,0.436000109,0.056889258,0.428659141,0.12590076,0.429237813,0.097372219,0.430125713,0.080469556,0.430976629,0.065047264,0.422769666,0.132865593,0.422704458,0.110243306,0.423582017,0.096479893,0.424628168,0.082810894
49,0.579858601,0.210727125,0.566761434,0.201063633,0.555638194,0.183120325,0.547923923,0.168086976,0.538729846,0.163651109,0.562659204,0.143399388,0.559499383,0.11527583,0.558130622,0.098281078,0.55763495,0.083078407,0.569633424,0.138976932,0.566064954,0.105923027,0.564386308,0.085756078,0.563448906,0.068199813,0.576532841,0.139489919,0.574366987,0.108222529,0.572652519,0.089147694,0.571192145,0.072848633,0.583981276,0.144728914,0.584093869,0.120396942,0.584181249,0.105098836,0.58406353,0.090414032,0.427410752,0.193797693,0.441973418,0.182585895,0.452606678,0.164914608,0.461954772,0.153635055,0.470753431,0.153438747,0.441871554,0.123769537,0.442951828,0.095689788,0.443432242,0.078767449,0.44318518,0.063946456,0.435898989,0.121697515,0.436659157,0.09064918,0.437434703,0.071818642,0.437763184,0.055221751,0.43013826,0.123686902,0.431056768,0.094771221,0.432092905,0.077523768,0.432928473,0.062302366,0.424301118,0.129407316,0.424571931,0.106271394,0.425479144,0.092920154,0.426492572,0.079888657
50,0.578978121,0.208644897,0.566526592,0.199127138,0.555346429,0.180757761,0.547543585,0.166601151,0.538219988,0.163861215,0.562874377,0.139965162,0.559802532,0.112127751,0.55839026,0.09513621,0.55770272,0.080060542,0.570064068,0.135883287,0.566810191,0.103456199,0.565160453,0.083434127,0.564188123,0.066391587,0.577090979,0.136927009,0.575378537,0.10617727,0.573751748,0.087576136,0.572342932,0.071995333,0.584479034,0.142880514,0.584978044,0.118938595,0.584815741,0.103762411,0.584487438,0.089549161,0.427485853,0.189731985,0.442149162,0.18011497,0.453049004,0.163355574,0.462202638,0.152494088,0.470917881,0.15232712,0.442548633,0.122417659,0.443585515,0.094377235,0.443768114,0.077463493,0.443083674,0.062724471,0.436343461,0.119883761,0.437232137,0.089004174,0.437710762,0.069571592,0.437597483,0.052780628,0.430243075,0.121447608,0.431343734,0.092959426,0.4324691,0.075457305,0.433047831,0.060321346,0.423953235,0.126737878,0.424496621,0.104004219,0.425479591,0.09074413,0.426459372,0.077926829
51,0.579154611,0.207968026,0.566713572,0.19829987,0.555459857,0.179159999,0.547407329,0.165311083,0.537674665,0.163178712,0.563070655,0.138881877,0.560391009,0.111531809,0.559344947,0.094422117,0.558883071,0.079393134,0.570358932,0.134859398,0.56760788,0.102567859,0.566231251,0.08242052,0.565544546,0.064989746,0.577454925,0.13605006,0.576033831,0.105335191,0.574520648,0.086576998,0.573328674,0.070639096,0.584814012,0.142076597,0.585372031,0.117456719,0.585317314,0.102140069,0.585232139,0.087659478,0.427247167,0.187366605,0.441635609,0.178628176,0.453158826,0.162631363,0.462653667,0.152407736,0.471293896,0.152662262,0.44268319,0.121907018,0.443849444,0.093386665,0.444003254,0.075906798,0.443107098,0.060625128,0.436114669,0.119121835,0.437433958,0.088576704,0.437795132,0.068790302,0.437485963,0.052053615,0.429708272,0.120339274,0.431148022,0.092109039,0.432308555,0.074411288,0.433025658,0.059428796,0.423125207,0.124927767,0.424045265,0.101919398,0.425123096,0.088533029,0.426267296,0.075827159
52,0.579070449,0.20717594,0.566566467,0.197583318,0.555371046,0.178088427,0.547339499,0.164473072,0.537473738,0.163150072,0.563307524,0.137838945,0.560613811,0.110941157,0.559462726,0.09412384,0.558762848,0.079542018,0.570530236,0.133663878,0.567773223,0.101603851,0.566368103,0.081630491,0.565589845,0.064825639,0.577622533,0.13461715,0.576061606,0.104015782,0.574397027,0.085375965,0.57298404,0.069955967,0.585019588,0.140363827,0.5854792,0.115859233,0.585417032,0.100506082,0.585241497,0.086155444,0.427387178,0.185093209,0.441510648,0.176637232,0.453022718,0.161957666,0.462794423,0.152522177,0.471426994,0.153132379,0.442657977,0.121342063,0.444301635,0.092698917,0.444702744,0.075441495,0.444023579,0.060285136,0.436280578,0.118587807,0.438065171,0.087737642,0.43871966,0.067858137,0.438652068,0.051160119,0.429930687,0.119957425,0.431729347,0.091188222,0.433115989,0.073065639,0.434063077,0.05776865,0.423265219,0.12481337,0.424275041,0.101585567,0.425379395,0.087763421,0.42658776,0.07466267
53,0.578744173,0.207414657,0.566245437,0.197808638,0.554991543,0.17814362,0.546964765,0.164382562,0.537073612,0.162613377,0.563100755,0.137137681,0.560506225,0.110686377,0.559482813,0.093923636,0.558897734,0.079280891,0.5703848,0.133009896,0.567988455,0.101518571,0.56678462,0.081782907,0.566128492,0.065216184,0.577456772,0.134128705,0.576248229,0.104287267,0.574854612,0.086155206,0.57366389,0.071019799,0.584699452,0.140027419,0.585437536,0.1160089,0.585491478,0.100870222,0.585416973,0.086659238,0.427199364,0.185451493,0.441435397,0.17670469,0.452932924,0.161735684,0.462639987,0.152655855,0.471144706,0.153816506,0.442876309,0.121912539,0.444559932,0.093412653,0.445167899,0.076010637,0.444764376,0.060446709,0.436409175,0.119163468,0.438385934,0.088453829,0.439209402,0.068090618,0.439419299,0.051011078,0.429944485,0.120889604,0.431944311,0.091889441,0.433552444,0.073042735,0.434790492,0.057202913,0.42317605,0.126342624,0.424331218,0.102822602,0.425657302,0.088564932,0.427148372,0.07520023
54,0.579677165,0.207982093,0.566704631,0.198491544,0.555095255,0.178981677,0.546846211,0.165036753,0.537029803,0.162808776,0.563391507,0.138219252,0.560546994,0.111477509,0.559331357,0.094807439,0.558637619,0.080060042,0.570685267,0.133968249,0.568039477,0.102267966,0.566783786,0.082792819,0.56620723,0.066379793,0.577675939,0.13493821,0.576253891,0.104872391,0.574877024,0.087000825,0.573735356,0.072143339,0.584802628,0.140610516,0.585525811,0.116194881,0.585449874,0.101296782,0.585350156,0.087499805,0.427358329,0.18527548,0.441588849,0.17749843,0.453142434,0.162331268,0.462826192,0.152948663,0.4712933,0.153550655,0.443089455,0.122247159,0.44506821,0.093970284,0.445979863,0.076647274,0.445908785,0.061273158,0.436658859,0.119116433,0.438829303,0.08823894,0.439934283,0.067794099,0.440347552,0.050676718,0.430177927,0.120535806,0.432325512,0.091356128,0.434024632,0.072297037,0.435250282,0.056356318,0.423330873,0.125771448,0.424648881,0.102316096,0.426085323,0.087907515,0.427626967,0.074538276
55,0.58076185,0.209745616,0.567774117,0.200028986,0.555887461,0.180431962,0.547372758,0.16642791,0.53682369,0.164339945,0.563355625,0.140052468,0.560495079,0.11346335,0.559248447,0.09685342,0.558471262,0.082043134,0.570602059,0.135689914,0.567604482,0.105014794,0.566219032,0.085438788,0.565367401,0.068463109,0.577524126,0.136419341,0.575635433,0.107137188,0.574117541,0.089371063,0.572767794,0.074423395,0.584651053,0.141715914,0.584558904,0.117662795,0.584155679,0.102898434,0.583665013,0.08890368,0.426775038,0.186846182,0.441188157,0.178171515,0.452755541,0.16281575,0.462523848,0.154010102,0.471068621,0.155634761,0.443209857,0.123468921,0.445481509,0.095729336,0.446636647,0.078628063,0.446745634,0.063209809,0.436831564,0.120370358,0.439157397,0.089733824,0.440490276,0.069285408,0.441136926,0.051848903,0.430374563,0.121611938,0.432696581,0.092572689,0.434584469,0.073491663,0.436024219,0.057394035,0.42360419,0.126701131,0.425250888,0.103264779,0.426874876,0.088793583,0.428633302,0.075219534
56,0.582620978,0.211534753,0.569235682,0.200942561,0.556744099,0.182187095,0.547470212,0.169024095,0.537310779,0.16713959,0.564287722,0.144161463,0.56043905,0.117291853,0.558399081,0.100986071,0.556813061,0.085710853,0.570814788,0.140288502,0.566214919,0.110327601,0.563886046,0.090578645,0.562186539,0.072753802,0.577284038,0.141099781,0.573698401,0.112200454,0.570940733,0.093924083,0.56858027,0.078421243,0.584280849,0.14640221,0.582130551,0.122955181,0.58009845,0.108149126,0.577981055,0.094580933,0.424472392,0.190031886,0.439216584,0.180873156,0.451394975,0.165265501,0.461919278,0.156598687,0.47093004,0.159060001,0.44313255,0.127283141,0.446869999,0.100540258,0.449328065,0.083869524,0.451074511,0.068458796,0.436852187,0.123977914,0.441223919,0.094909407,0.444115579,0.076023243,0.446390778,0.058492325,0.430159628,0.124627829,0.435002953,0.097398229,0.438481033,0.07970342,0.441312015,0.063917793,0.422871798,0.129316166,0.426359355,0.106606871,0.429230779,0.093119882,0.432196528,0.07984031
57,0.583720088,0.216776922,0.569976628,0.203021213,0.558107197,0.183583304,0.548669875,0.17106916,0.538649976,0.168208748,0.564892292,0.153440595,0.558579981,0.130025774,0.556072295,0.117177971,0.554458559,0.104582377,0.571398616,0.151002422,0.564442277,0.12608856,0.561523199,0.113244317,0.559163094,0.101832256,0.577809393,0.151890054,0.57195878,0.128190607,0.568053663,0.11536096,0.564507008,0.104848638,0.585065663,0.156392351,0.579477608,0.13733919,0.57512778,0.126641735,0.570897937,0.116472527,0.421647787,0.195011318,0.437706053,0.184484467,0.450425953,0.167527959,0.460880041,0.158270359,0.470431119,0.158552691,0.443541259,0.137490183,0.449026495,0.115067691,0.453223884,0.104477301,0.457305998,0.096220329,0.437787533,0.13448222,0.444602579,0.110464513,0.449685425,0.100120962,0.454144567,0.092089266,0.431149542,0.13404271,0.437720031,0.111141652,0.443600059,0.100568764,0.448915452,0.092758194,0.423400968,0.137186468,0.428770274,0.117497087,0.434039772,0.107986696,0.439213693,0.099656373
58,0.584114254,0.218583286,0.569950938,0.205842644,0.557695329,0.187062755,0.546868682,0.17591837,0.536049068,0.173862368,0.564404011,0.163760662,0.557999134,0.145915493,0.554226637,0.13539426,0.550961912,0.125410438,0.570404768,0.159022778,0.562426388,0.138333216,0.557695329,0.128200203,0.553380132,0.118766561,0.576811135,0.156917796,0.569442928,0.137261242,0.563898921,0.127863303,0.558629215,0.119064003,0.584145725,0.157273263,0.576995552,0.141271204,0.57121551,0.133813173,0.565216124,0.126942724,0.421994776,0.19794631,0.437535912,0.18700853,0.449733645,0.170724586,0.459923983,0.161513254,0.469974399,0.161443606,0.443297386,0.144253418,0.44875139,0.126055509,0.45330736,0.11931853,0.458806247,0.114447199,0.437627971,0.140392631,0.444402844,0.12132673,0.449804664,0.114102468,0.455584258,0.108475462,0.430914134,0.139711231,0.437866062,0.12084645,0.443786055,0.112446584,0.449880332,0.106254876,0.422894895,0.142607465,0.428621829,0.12579076,0.433882862,0.117362745,0.439747304,0.110049501
59,0.58183521,0.219144389,0.568475723,0.205141336,0.555888474,0.18688938,0.545329392,0.176305532,0.535980582,0.174150765,0.564171612,0.166057259,0.558870494,0.149984509,0.555225909,0.140622273,0.551278234,0.131757885,0.56993264,0.162818804,0.562624097,0.145214945,0.557822466,0.136718526,0.552715838,0.12816143,0.576430976,0.161900237,0.569350004,0.14491792,0.563962698,0.137288302,0.558577836,0.129641026,0.583767831,0.163465783,0.577468991,0.14825958,0.572170317,0.141880125,0.566369116,0.135753572,0.423822284,0.197778821,0.437993526,0.187751397,0.450181216,0.171345383,0.460154146,0.161429554,0.470104724,0.161110416,0.442512095,0.145335093,0.447468013,0.128867716,0.452520937,0.123932168,0.458343774,0.123308122,0.43667537,0.141501412,0.444052637,0.125680104,0.44956699,0.122544542,0.454631299,0.123998404,0.430139899,0.14114511,0.438203454,0.126173481,0.444295287,0.122198373,0.450161904,0.121423177,0.422641307,0.143920168,0.429305047,0.129920393,0.435141981,0.124882892,0.441329747,0.121629827
60,0.580858111,0.216626167,0.567990899,0.205036893,0.55584234,0.187271714,0.545561492,0.176892936,0.535949469,0.173813865,0.562966526,0.165483385,0.557917655,0.151641503,0.553749025,0.143616676,0.548700988,0.137419656,0.568795204,0.162576854,0.561868787,0.14646937,0.556592345,0.139839888,0.550570488,0.135269985,0.575481117,0.162607774,0.568705559,0.147124201,0.563039541,0.141349286,0.55739516,0.136660323,0.583267868,0.164855018,0.577085674,0.151252478,0.571508825,0.145739764,0.565236926,0.140450805,0.425189853,0.197590828,0.438495964,0.188704729,0.450553656,0.172804698,0.460248828,0.162272215,0.470180392,0.161424622,0.442639679,0.148711592,0.448006719,0.13463214,0.453194708,0.129770458,0.458910108,0.128500789,0.436887383,0.144657016,0.444332808,0.131122351,0.449569732,0.127800584,0.454495609,0.128851935,0.430445999,0.143925235,0.438204974,0.130316436,0.443675756,0.127206191,0.449018985,0.127628431,0.422986567,0.145685077,0.429043978,0.131938204,0.434682488,0.127506405,0.440862864,0.12627463
61,0.580335855,0.214969739,0.567550719,0.203890532,0.555685878,0.186494991,0.545621693,0.175817922,0.536503732,0.172768801,0.563236296,0.166149765,0.558550537,0.152548879,0.55449307,0.145201221,0.549538374,0.13949427,0.568893254,0.162990198,0.562096715,0.147166371,0.556779623,0.14074938,0.550764859,0.136026487,0.575471282,0.16265884,0.56879282,0.14731285,0.563055456,0.141367406,0.557266235,0.136018604,0.583024502,0.164968908,0.577121556,0.151026577,0.571465611,0.14554286,0.565078974,0.14025268,0.425943226,0.196988672,0.439299375,0.188489944,0.45059526,0.172603294,0.459731996,0.162231192,0.469696492,0.160649553,0.443101764,0.149656549,0.447964966,0.13603279,0.453618675,0.130663037,0.460006654,0.128784895,0.437333614,0.145359188,0.443948358,0.132207423,0.450161904,0.12704654,0.456073374,0.126004711,0.430573583,0.144472837,0.437644094,0.130794525,0.443590492,0.126432747,0.449288934,0.125768244,0.422719032,0.14590548,0.428150505,0.13196139,0.434061408,0.126924723,0.440595478,0.125474453
62,0.580078423,0.212939352,0.567397118,0.202560231,0.555631161,0.184910491,0.54578948,0.174029425,0.536619842,0.170759022,0.56399399,0.165764317,0.559533417,0.152390346,0.555493534,0.145061195,0.550459146,0.138582647,0.569692314,0.162606642,0.56315577,0.146715626,0.557690084,0.140573248,0.551616371,0.13548772,0.576253355,0.16212891,0.569581389,0.146475926,0.563591659,0.140807331,0.557661057,0.134997994,0.583736718,0.164111525,0.577867448,0.149686202,0.572036088,0.144308105,0.565519512,0.138863117,0.4262003,0.195652872,0.439182222,0.187741905,0.450352073,0.172134891,0.459304094,0.161631137,0.469195276,0.159471557,0.442966551,0.148769006,0.447288483,0.135690838,0.452856541,0.130349576,0.459362775,0.128047556,0.437359244,0.144546002,0.443716317,0.132250279,0.44968456,0.127129614,0.455643415,0.125351578,0.430763006,0.143517166,0.437716812,0.130404979,0.443587482,0.126197338,0.449429065,0.125095233,0.423063695,0.144975886,0.42880255,0.131395712,0.434866786,0.126847491,0.441556454,0.125499427
63,0.579496086,0.210762233,0.56716305,0.201815963,0.55558145,0.183883384,0.54633534,0.172592029,0.537451923,0.168950468,0.563571036,0.164447308,0.559191644,0.150646508,0.555290043,0.142724097,0.550382257,0.135630593,0.569539726,0.161064759,0.563326478,0.145446196,0.558016658,0.138900533,0.552173674,0.133278802,0.576324284,0.160856768,0.57016468,0.145573616,0.564279258,0.139922142,0.558530986,0.134091854,0.584010661,0.163399622,0.578606844,0.148968935,0.572778583,0.143969223,0.566262841,0.139008224,0.42648986,0.193279833,0.439822346,0.185382918,0.451045573,0.170322299,0.459931284,0.1602173,0.469552219,0.157760307,0.443071306,0.147901937,0.44743228,0.134380922,0.452990592,0.129052684,0.459412873,0.127199084,0.437413722,0.143967211,0.443768203,0.131417021,0.449496716,0.126760289,0.455185711,0.126078233,0.430746704,0.14304617,0.437689781,0.129580006,0.443357229,0.126024395,0.448994428,0.126063392,0.422939152,0.144401819,0.428447694,0.130249396,0.434602052,0.125824913,0.441573679,0.125391454
64,0.579484403,0.209149122,0.567287683,0.201011419,0.556010008,0.183530614,0.546775103,0.172009155,0.537987232,0.167267665,0.563857079,0.16374591,0.559325576,0.149636239,0.555159807,0.141898215,0.550001204,0.135838971,0.569484591,0.160075411,0.563127935,0.143418759,0.557589054,0.136689782,0.551475227,0.131943554,0.575969636,0.159743875,0.56977576,0.14372386,0.563548565,0.13741523,0.557427883,0.131910339,0.583369851,0.162132159,0.577862442,0.147260219,0.571952701,0.141273797,0.565221488,0.135663956,0.426109523,0.191008985,0.439174056,0.184982404,0.450757265,0.169705436,0.459978431,0.159450516,0.469983429,0.15769957,0.443606704,0.147135302,0.447874397,0.134286821,0.453322202,0.128885984,0.459713757,0.126198918,0.43803376,0.142823771,0.444238603,0.130575165,0.450126767,0.125497431,0.456286788,0.123761334,0.431428969,0.1415696,0.4380171,0.128002554,0.443812966,0.123865083,0.44982639,0.123072974,0.423686862,0.142787039,0.429060698,0.128585488,0.434997201,0.124160364,0.441927522,0.123465858
65,0.579055011,0.208096638,0.566844046,0.199428782,0.555697918,0.181944877,0.546580315,0.170772552,0.537904263,0.166585535,0.563719928,0.162284911,0.558937669,0.148212418,0.554631889,0.139959246,0.549647748,0.13319169,0.569294155,0.158664599,0.562446177,0.142399475,0.556805372,0.135421216,0.551005423,0.130309686,0.575767219,0.158051223,0.568781018,0.142373502,0.562447846,0.136241511,0.556595087,0.130760178,0.583220899,0.159853294,0.576919794,0.145419642,0.570647955,0.139978334,0.563904583,0.134772584,0.426187038,0.189170122,0.439378411,0.183113918,0.450752914,0.167895034,0.460072935,0.157924682,0.469733715,0.156048253,0.443543345,0.145256206,0.448077142,0.133373037,0.453577727,0.127722442,0.460042685,0.124999523,0.438027292,0.140979171,0.444228828,0.129433438,0.450132459,0.124178097,0.456466943,0.122534022,0.431416541,0.13991645,0.438139558,0.127175733,0.443999499,0.122451141,0.450175285,0.121385768,0.423652977,0.141117558,0.429248363,0.127618879,0.435166508,0.123167485,0.442050785,0.122617021
66,0.579420388,0.207621947,0.567443132,0.199044615,0.555943549,0.181105629,0.54648906,0.170075536,0.537822068,0.165901691,0.563551784,0.161516219,0.558914006,0.147476494,0.554778695,0.139077023,0.549837172,0.132105023,0.568972051,0.158035919,0.562123954,0.142664343,0.556551218,0.135865971,0.550716579,0.130959913,0.575388372,0.157521963,0.568615019,0.142599657,0.562488616,0.13658005,0.55674237,0.131422952,0.582874179,0.159397751,0.576849699,0.145395249,0.570767224,0.14008224,0.564196348,0.135100156,0.426474094,0.188236564,0.439644694,0.181963786,0.451211751,0.166579843,0.46047911,0.156583041,0.470090061,0.154404268,0.44330439,0.144175425,0.44796896,0.132063478,0.453573108,0.12666297,0.460052252,0.124329083,0.437740266,0.140026838,0.444332898,0.128334627,0.45036909,0.12377134,0.456573099,0.122809127,0.43116045,0.138974786,0.438182831,0.125995934,0.444228739,0.122085638,0.450378716,0.121830195,0.423371106,0.140088692,0.429094672,0.126389295,0.435173512,0.122267991,0.442052484,0.121967137
67,0.579054117,0.206745461,0.566966057,0.197859749,0.555465281,0.180327624,0.54614675,0.169202253,0.537420452,0.164843351,0.563239694,0.161067486,0.558385551,0.146987885,0.554322243,0.138503939,0.549444616,0.131173357,0.568962336,0.15750663,0.562287569,0.141664535,0.556761384,0.134734109,0.550884545,0.129022539,0.575610697,0.157146171,0.568955302,0.141912952,0.562813222,0.13576895,0.556922615,0.12967205,0.583222151,0.159591764,0.577335596,0.145437613,0.571168602,0.139891297,0.564334929,0.134434208,0.426876873,0.188117579,0.439825833,0.181173891,0.451057613,0.165695906,0.460143596,0.155410141,0.470113605,0.153610438,0.443536699,0.143287048,0.448219448,0.130550057,0.454035342,0.125409588,0.4606269,0.123672813,0.437844157,0.139265105,0.444383502,0.127245173,0.450407594,0.122732252,0.45634836,0.122050509,0.4311409,0.13849315,0.438097626,0.125276297,0.443994969,0.121398047,0.449852437,0.121261381,0.42333585,0.139915794,0.428872317,0.125940204,0.435128897,0.121442229,0.442271888,0.121032789
68,0.578680873,0.206155032,0.566736221,0.197543591,0.555402935,0.179438606,0.546354413,0.168315947,0.537666619,0.16423358,0.562995255,0.159794554,0.558367431,0.145683303,0.554423273,0.137047917,0.549617231,0.129585534,0.56882596,0.156277329,0.562199652,0.140565321,0.55668056,0.133449897,0.550846756,0.127479747,0.575498998,0.156115159,0.568770766,0.140850767,0.562624395,0.134577394,0.556819797,0.128337264,0.583111644,0.158694401,0.577058733,0.144506142,0.570856571,0.139143556,0.564122915,0.133663997,0.426921189,0.187701449,0.439487576,0.181633919,0.450814188,0.166273415,0.459929645,0.155598029,0.469906509,0.15315938,0.443362951,0.143341884,0.448074847,0.129912734,0.453871846,0.124371968,0.460417688,0.12238998,0.437658131,0.139275387,0.444256574,0.127230883,0.450011909,0.122003064,0.455542952,0.120636508,0.430963814,0.13841705,0.437862337,0.125201061,0.443712384,0.12040861,0.449464411,0.119530439,0.423149347,0.13984549,0.429040372,0.125899598,0.435290694,0.120868854,0.442308009,0.119660348
69,0.578413427,0.206815124,0.566381395,0.19750227,0.555105031,0.179512218,0.546011865,0.168321893,0.53733629,0.164455593,0.563309729,0.160334721,0.558765173,0.146087542,0.554425716,0.137500525,0.549270451,0.130284488,0.568932474,0.156884268,0.562134862,0.140857801,0.556500614,0.133553654,0.550606072,0.127326056,0.575492442,0.156667829,0.568476439,0.141046047,0.562344372,0.134418428,0.556508541,0.127846837,0.583004475,0.159040526,0.576742053,0.144579247,0.570561111,0.138896167,0.563814998,0.133160397,0.427329063,0.187405899,0.439923167,0.181101859,0.451215655,0.165870994,0.460170627,0.155132487,0.470075756,0.152699888,0.443803519,0.142873138,0.448277116,0.129442856,0.453957945,0.124011099,0.460523963,0.122047536,0.437973142,0.138832226,0.444339156,0.127003029,0.44998607,0.121835254,0.455489278,0.120373338,0.431163967,0.138104662,0.437820911,0.125039548,0.443685442,0.120359868,0.449437171,0.119588964,0.423254609,0.139743716,0.429075152,0.125725687,0.435334474,0.120739833,0.442242682,0.119591288
70,0.578850389,0.207117677,0.566880882,0.198061198,0.555305898,0.179768294,0.546107173,0.168291986,0.537441552,0.164759055,0.563439131,0.16076079,0.558798552,0.146087214,0.554466069,0.137622207,0.549316645,0.130475715,0.568995357,0.157195583,0.562252045,0.141002417,0.556696773,0.133612424,0.550773442,0.127299964,0.575474441,0.156946793,0.568559468,0.141028643,0.562535644,0.134152561,0.556717515,0.127354294,0.582867742,0.159492269,0.576821864,0.144743592,0.570887208,0.138731718,0.564349651,0.132681042,0.426993996,0.187095925,0.439775884,0.180886194,0.451110393,0.165541053,0.460026294,0.154758066,0.469950914,0.152416363,0.443855017,0.142571494,0.448447526,0.129137143,0.454151392,0.123633809,0.460584044,0.121645264,0.438153028,0.138684973,0.444548637,0.126571298,0.450325906,0.121196717,0.455922633,0.119704366,0.431393474,0.137961,0.43805632,0.124668665,0.443878591,0.119904839,0.449632585,0.119058698,0.423523605,0.139442593,0.42918545,0.125384554,0.435342818,0.120412186,0.442293853,0.119375944
71,0.578891158,0.207448497,0.566782653,0.198435172,0.555265963,0.180099249,0.546120584,0.168448433,0.537570119,0.164737359,0.563130379,0.161325276,0.558374047,0.146758646,0.554082811,0.138262585,0.549085796,0.130963326,0.568788469,0.157725424,0.5619753,0.141559482,0.556383252,0.134171724,0.550539851,0.12783353,0.575365663,0.157312423,0.568414152,0.141659036,0.562452435,0.134879321,0.556703687,0.128119588,0.582877874,0.159675345,0.576887012,0.145135269,0.570956349,0.139292151,0.564432025,0.133399487,0.427207619,0.187098607,0.439942718,0.180809796,0.451287061,0.165538341,0.460286707,0.154957622,0.470207751,0.152579457,0.44357419,0.142532095,0.448255062,0.129089043,0.454194486,0.123920485,0.460770696,0.122553989,0.437952608,0.138570726,0.44463557,0.12647742,0.450590551,0.121283159,0.456309736,0.120170742,0.431298554,0.137797058,0.438178182,0.124209277,0.444156766,0.119817585,0.450013101,0.119381234,0.423516452,0.139225051,0.42932263,0.12475697,0.435595661,0.120010853,0.442582667,0.119347781
72,0.579027236,0.207996249,0.567001641,0.198853925,0.555405319,0.180276483,0.546125591,0.168729261,0.537483931,0.165032491,0.563158214,0.161344334,0.558383226,0.147346288,0.554155052,0.139285177,0.549169481,0.132346645,0.568804443,0.157905832,0.561963797,0.142085433,0.556325614,0.134707019,0.550254762,0.128340662,0.575349867,0.157608509,0.568485916,0.142147377,0.562408507,0.135387555,0.556438982,0.128705695,0.582930565,0.160019234,0.576801121,0.145565182,0.570794821,0.139714524,0.564236164,0.133898258,0.427066296,0.187363222,0.4398911,0.181122273,0.451316684,0.165668324,0.46029371,0.154767945,0.470146865,0.15196766,0.443568289,0.142892882,0.448392808,0.129152253,0.454410136,0.124130964,0.46096909,0.122787759,0.438070178,0.138936698,0.444925129,0.126615494,0.451121598,0.121475652,0.456927598,0.120259076,0.43143177,0.138129771,0.438362747,0.124417871,0.444479614,0.12016657,0.45032081,0.119522139,0.423581898,0.139437705,0.429288149,0.124991,0.435571611,0.12022385,0.442481726,0.119163774
73,0.578402221,0.207330585,0.566014946,0.198570609,0.554795444,0.180433735,0.54572767,0.168810531,0.537073851,0.164500386,0.562560141,0.160670683,0.557882547,0.146706954,0.55369699,0.138459727,0.548734248,0.131335497,0.568313003,0.157299489,0.561670184,0.141268447,0.555907547,0.134193674,0.549892068,0.128470838,0.575033307,0.156926349,0.568523705,0.141392902,0.562206268,0.1349262,0.556202531,0.12874198,0.582719088,0.159240529,0.576826811,0.144834846,0.570690215,0.138919517,0.564061701,0.13312465,0.426975816,0.186881915,0.439883888,0.181156069,0.451119512,0.165984064,0.459918082,0.154729351,0.469492584,0.151153415,0.443656951,0.142967552,0.448435962,0.129518062,0.45435214,0.124599218,0.460884541,0.123091377,0.438182414,0.138713226,0.444888711,0.126229674,0.451094091,0.120828196,0.457162261,0.11966826,0.431583494,0.137585342,0.438484251,0.123793639,0.444488734,0.119370162,0.450428337,0.118900001,0.423749536,0.138704121,0.429504275,0.124384969,0.43560192,0.11977715,0.442440182,0.119173318
74,0.578168511,0.207129061,0.565909207,0.198443279,0.554752171,0.180081949,0.54569006,0.168498918,0.537122846,0.164360106,0.562491,0.160480931,0.55794102,0.146511182,0.553777814,0.138039112,0.548863351,0.130846441,0.568231523,0.157021925,0.5615713,0.141092986,0.555728316,0.134059057,0.549727976,0.128568396,0.574958026,0.156625122,0.568428636,0.141008526,0.56196332,0.134768665,0.555852592,0.128866374,0.582655013,0.15891026,0.576866627,0.144652724,0.570683956,0.138852924,0.563923538,0.13319549,0.427226454,0.187024966,0.439982742,0.181214899,0.451268584,0.165857092,0.460078597,0.154720426,0.469596326,0.150871709,0.443319023,0.142853081,0.448263466,0.129172549,0.454397887,0.124382384,0.46105656,0.123302452,0.437899977,0.138617024,0.444838434,0.126311019,0.451111883,0.121032417,0.457100391,0.120061383,0.431417704,0.137462988,0.438516587,0.123700209,0.444674075,0.119233504,0.450661123,0.118823797,0.423716307,0.138487369,0.429701537,0.124228217,0.435901284,0.119612247,0.442727357,0.118831217
75,0.578204334,0.207863539,0.566150427,0.198804632,0.554915726,0.180439651,0.545783877,0.168985069,0.537261784,0.164922714,0.56301713,0.160715371,0.558391154,0.14669174,0.55399853,0.138246715,0.54881382,0.131172299,0.568600535,0.15738143,0.561789393,0.141636819,0.555825949,0.134742409,0.549699962,0.129286468,0.57519263,0.157094866,0.568542182,0.1413811,0.562014461,0.135137022,0.555846274,0.129238129,0.582793415,0.159506589,0.576986849,0.145103037,0.570807755,0.139313295,0.564102292,0.133794487,0.427187502,0.187323928,0.440117568,0.181181923,0.451434702,0.165859282,0.460261703,0.154808953,0.469842434,0.151154101,0.443263829,0.142956421,0.448221952,0.129510894,0.454311907,0.124626577,0.460831553,0.123288721,0.437910765,0.138972297,0.44473502,0.126635239,0.450988054,0.121061884,0.457014561,0.119785458,0.431440651,0.137967944,0.438289016,0.12412037,0.444359094,0.119445398,0.450348377,0.118760645,0.423678964,0.139133722,0.429381222,0.124880344,0.435477197,0.120130509,0.442293674,0.119360298
76,0.578184068,0.208771542,0.566266775,0.200007915,0.555074573,0.181072265,0.546034098,0.168997049,0.537535846,0.164422512,0.562955201,0.161296695,0.558495939,0.147279739,0.554268062,0.138844877,0.549106061,0.131572157,0.568648696,0.157914162,0.561943829,0.142323047,0.55611378,0.135353148,0.550070584,0.12953496,0.575336277,0.157676637,0.568712413,0.141985014,0.562301397,0.135503709,0.556269526,0.129186898,0.582942069,0.160234034,0.577023625,0.145672128,0.57083565,0.139702126,0.564116836,0.133815721,0.427175194,0.18763572,0.440183282,0.181064636,0.451426923,0.166028693,0.460223049,0.155144334,0.469846845,0.151612833,0.44343701,0.143387124,0.448127329,0.129904136,0.453949094,0.124662183,0.460356057,0.122993909,0.438018948,0.139582083,0.444241434,0.127197653,0.450304061,0.121704444,0.456171334,0.120124951,0.431477726,0.138690963,0.437897652,0.125039965,0.443793774,0.120255053,0.449584156,0.119265571,0.423623949,0.139804482,0.429009765,0.125750348,0.435004175,0.12101312,0.441673756,0.120230272
77,0.578628123,0.209287986,0.566720903,0.200253204,0.555652261,0.182456404,0.54630965,0.170544609,0.537820637,0.164590955,0.563997209,0.16181463,0.559644878,0.147548333,0.55513519,0.139417589,0.549597263,0.132984743,0.569575667,0.158455163,0.562739432,0.142291963,0.556844294,0.135804504,0.550506175,0.131103724,0.576090217,0.158329353,0.569051802,0.142404512,0.562320054,0.136497289,0.555965483,0.131401002,0.583403647,0.160883218,0.576800168,0.146742478,0.570266902,0.140977949,0.563288271,0.135890841,0.426352203,0.188425094,0.439042896,0.182805046,0.45054844,0.167364612,0.459634513,0.156422064,0.469444305,0.152711242,0.44249326,0.144611806,0.447603136,0.13099502,0.453840017,0.125667483,0.460582554,0.123791993,0.437173903,0.140562087,0.44432348,0.128416955,0.45072192,0.122664966,0.456910193,0.120561346,0.4307594,0.139420822,0.438301921,0.125900477,0.444532335,0.120922878,0.450463533,0.11951451,0.42309612,0.140382677,0.429629236,0.126476079,0.435867488,0.121622726,0.442562908,0.120115705
78,0.579003453,0.211796477,0.567522287,0.203479663,0.556439579,0.185753837,0.547155678,0.173519641,0.538224161,0.166581139,0.564452946,0.16446732,0.560331345,0.14946492,0.556008339,0.140956879,0.550618351,0.134140164,0.570339084,0.16143249,0.564172328,0.144423306,0.558551371,0.13692537,0.552191377,0.13112472,0.577090621,0.161741763,0.571023107,0.145104274,0.564567327,0.13887611,0.558249474,0.134006783,0.584779382,0.164601535,0.579360247,0.149334058,0.573166728,0.143355072,0.566297889,0.138966873,0.426216274,0.190055937,0.438791245,0.184189945,0.450316459,0.16854389,0.459379584,0.157550231,0.468748093,0.153383628,0.441903621,0.145450875,0.447076708,0.131706342,0.453394353,0.126713455,0.460049808,0.12535964,0.436698437,0.141625836,0.443988234,0.129214302,0.450364381,0.123870812,0.45619297,0.122652255,0.430344582,0.140620887,0.437978357,0.126882806,0.444342166,0.122489028,0.450256974,0.121887945,0.422786713,0.141642004,0.429172724,0.127432555,0.435550719,0.122784868,0.442288548,0.121711552
79,0.580811083,0.215766206,0.569594324,0.207967728,0.557847261,0.18987447,0.548237085,0.176650792,0.539887011,0.168135613,0.56611985,0.168679163,0.561822712,0.152627215,0.557746291,0.143609151,0.552793503,0.135911003,0.571988761,0.165783197,0.565886676,0.148219168,0.560672164,0.140480772,0.554909885,0.134124681,0.578664005,0.166418627,0.572819114,0.149084255,0.566865027,0.14266941,0.560921252,0.137782797,0.586171806,0.16994597,0.581112802,0.154484645,0.575347841,0.148432791,0.56876868,0.144330025,0.425741285,0.192436486,0.438235819,0.18660742,0.449522108,0.170747817,0.458358616,0.159650624,0.467928737,0.155464038,0.440742433,0.147242635,0.445795238,0.132812738,0.45189026,0.127775729,0.458399951,0.126618266,0.435227841,0.1435965,0.442464083,0.130494714,0.448286921,0.125920907,0.453449845,0.12586771,0.42881608,0.143033996,0.436333835,0.128814533,0.442247838,0.124900959,0.447551101,0.124971509,0.421361446,0.144683003,0.427665383,0.13026087,0.433444232,0.125978246,0.43926686,0.125176117
80,0.582238257,0.221917242,0.571038067,0.214044601,0.55932498,0.19563143,0.550022781,0.181313589,0.542336226,0.170525417,0.568709493,0.174065471,0.564461529,0.157815576,0.560486019,0.14844732,0.555665672,0.141273558,0.574518442,0.171434194,0.56874454,0.154249042,0.563373148,0.146990329,0.557564139,0.141832203,0.581022322,0.172562227,0.575700581,0.15516676,0.569417953,0.149518743,0.56330961,0.145687252,0.588307858,0.176839277,0.583580732,0.162323296,0.577756524,0.156260461,0.571386099,0.152036563,0.424622983,0.1973131,0.436572254,0.191829294,0.447718501,0.175741941,0.456818461,0.164369434,0.465910912,0.158509552,0.438783646,0.152140588,0.443724155,0.136852235,0.45004335,0.132105276,0.456349522,0.131618753,0.43309328,0.149096683,0.44046703,0.13440904,0.446675271,0.131253645,0.452050954,0.13265577,0.426644832,0.149335951,0.434265047,0.133665577,0.440925479,0.13054049,0.446650356,0.131415188,0.41956082,0.152029499,0.426070899,0.137664407,0.431923777,0.133980542,0.437396377,0.133192226
81,0.581589878,0.230592191,0.5711537,0.224308491,0.561249852,0.205561489,0.554074705,0.191719651,0.545596242,0.181100339,0.571107149,0.182356849,0.565980554,0.166029885,0.561251342,0.157772765,0.556174695,0.152003884,0.576971352,0.181191623,0.571872473,0.163421363,0.566161752,0.157406256,0.560186863,0.154719621,0.583206058,0.184823558,0.578546286,0.167851552,0.573137164,0.163166806,0.567849874,0.161414951,0.590060592,0.192093268,0.586287916,0.178251475,0.581301272,0.172981858,0.575857282,0.169863299,0.422540247,0.20302099,0.434343308,0.198680609,0.445599407,0.183352336,0.454848051,0.172586724,0.463933408,0.166231126,0.436623633,0.159784809,0.442042679,0.144036725,0.448312521,0.139887482,0.454356551,0.140055388,0.431222618,0.156741321,0.438925594,0.141309246,0.444808722,0.139871433,0.449904978,0.142062441,0.42500177,0.156968966,0.432849169,0.14131397,0.439338893,0.139932171,0.44475323,0.141098842,0.418157071,0.160001099,0.424859881,0.146489501,0.430752128,0.144995749,0.435757399,0.145368516
82,0.583621919,0.237322226,0.57218188,0.234875411,0.562100768,0.21884121,0.555161774,0.206658855,0.547448575,0.196297944,0.57186985,0.19734332,0.566485882,0.180347338,0.560946405,0.174290583,0.555457711,0.171466425,0.57814461,0.195697069,0.572399914,0.178654194,0.565882444,0.17517893,0.55982703,0.17452921,0.584468365,0.198742062,0.579508722,0.182821766,0.5736835,0.179787964,0.568010807,0.179378539,0.591236413,0.205047458,0.58810091,0.193327248,0.583278894,0.189740732,0.57793498,0.188112885,0.422112048,0.211062968,0.433306158,0.207977295,0.444921166,0.194174528,0.452736586,0.182944477,0.46053651,0.174662158,0.434599727,0.170536801,0.440931827,0.156351492,0.447313964,0.153781533,0.453575015,0.154874519,0.428971231,0.166447833,0.437273502,0.152248129,0.443728179,0.152054995,0.449614972,0.155061871,0.422606736,0.166848421,0.430851787,0.152593151,0.436999023,0.153707176,0.442163467,0.156883597,0.415798396,0.170627594,0.422361583,0.159405351,0.427422076,0.161738515,0.431413323,0.165069178
83,None,None,None,None,None,None,None,None,None,None,None,None,None,None,None,None,None,None,None,None,None,None,None,None,None,None,None,None,None,None,None,None,None,None,None,None,None,None,None,None,None,None,0.421791017,0.218801558,0.433358848,0.216906697,0.444965571,0.204656452,0.452829897,0.193835288,0.460361719,0.18661125,0.434550166,0.182801753,0.441050857,0.169467628,0.447069257,0.170874,0.451541096,0.176333368,0.427953273,0.179427534,0.435738266,0.168901712,0.439896852,0.177263647,0.442038804,0.185111091,0.421032697,0.180784285,0.42859441,0.172465265,0.431366861,0.181853607,0.432743073,0.188632965,0.414282501,0.185074612,0.420337379,0.174020976,0.425527453,0.174208313,0.429183841,0.175430059
84,0.588178396,0.294943869,0.5704,0.280082524,0.560067773,0.261074424,0.553450465,0.246123463,0.546450794,0.234650552,0.563464999,0.231978685,0.553149402,0.220721304,0.547809362,0.229342774,0.545720756,0.238023594,0.57028985,0.231111914,0.557525694,0.22643894,0.555225074,0.240592778,0.556312084,0.250155866,0.576822579,0.234423354,0.564515591,0.230297506,0.561738849,0.243165612,0.562634945,0.252436459,0.583213151,0.241277739,0.572844267,0.235806093,0.566760421,0.242906824,0.56370312,0.249856964,0.421313852,0.23315686,0.433795005,0.231449798,0.445578963,0.220145449,0.452275544,0.208020926,0.456728458,0.197155014,0.436512113,0.19658725,0.443254739,0.185087308,0.447525144,0.192060873,0.450038165,0.199839756,0.429810226,0.194178179,0.436687082,0.184372991,0.440565675,0.196512371,0.442086726,0.206119314,0.422569901,0.196661562,0.428628415,0.189585343,0.431462497,0.200586513,0.43256709,0.208346024,0.415307105,0.202170938,0.419547528,0.192549333,0.424523801,0.196821749,0.428221643,0.20119296
85,0.588601053,0.3067891,0.571652055,0.299458623,0.561266959,0.285277039,0.553259552,0.276155055,0.545439422,0.270723939,0.565077424,0.247773767,0.5524894,0.243863955,0.546227396,0.256581724,0.544041574,0.267887145,0.570890963,0.249122739,0.553427696,0.252352118,0.549267471,0.269901067,0.549838245,0.278844386,0.575158179,0.25652194,0.558473647,0.260758311,0.554108977,0.276745379,0.554664373,0.284823656,0.578176439,0.267759234,0.564780653,0.269929826,0.558057368,0.277493387,0.554731429,0.282067478,None,None,None,None,None,None,None,None,None,None,None,None,None,None,None,None,None,None,None,None,None,None,None,None,None,None,None,None,None,None,None,None,None,None,None,None,None,None,None,None,None,None
86,None,None,None,None,None,None,None,None,None,None,None,None,None,None,None,None,None,None,None,None,None,None,None,None,None,None,None,None,None,None,None,None,None,None,None,None,None,None,None,None,None,None,0.413328111,0.314441383,0.431986779,0.291246057,0.441904455,0.27064243,0.448219717,0.255506039,0.452491164,0.244354114,0.431326807,0.242164254,0.444558114,0.229449123,0.447591782,0.245298192,0.44596085,0.255123496,0.425747156,0.242649287,0.441962421,0.232480586,0.445163429,0.248298407,0.442502499,0.258858621,0.421112865,0.24732697,0.43648082,0.238117844,0.440044761,0.251544863,0.437540025,0.262731045,0.416853458,0.255617976,0.428987563,0.245882124,0.434999168,0.25354746,0.43588677,0.261810333
87,0.579717338,0.362143457,0.561436474,0.355146646,0.546923101,0.349252492,0.535675585,0.349425405,0.527520418,0.351675123,0.549752533,0.320082545,0.531848788,0.325031728,0.52552861,0.340178996,0.524777353,0.352050304,0.555226266,0.321974844,0.535193443,0.333208561,0.529260457,0.349876076,0.528746009,0.361171514,0.560098469,0.330370486,0.540961146,0.339881152,0.533901513,0.354602963,0.532573164,0.364875674,0.564101279,0.343634874,0.548583567,0.349636883,0.540331841,0.357985497,0.536083758,0.365037471,0.41875878,0.324541152,0.436089545,0.309625745,0.446514338,0.290074497,0.453278065,0.275186032,0.457094043,0.262624323,0.438035667,0.261786163,0.449506491,0.25600493,0.452792585,0.27058053,0.453300595,0.281790107,0.431252748,0.262456745,0.444673538,0.260782599,0.448908985,0.274972647,0.448806584,0.286764592,0.425218344,0.269191474,0.439301163,0.266037405,0.444811881,0.27897501,0.445460439,0.290210932,0.419836491,0.279552966,0.43043527,0.274869472,0.438261926,0.280864179,0.442667484,0.286910862
88,None,None,None,None,None,None,None,None,None,None,None,None,None,None,None,None,None,None,None,None,None,None,None,None,None,None,None,None,None,None,None,None,None,None,None,None,None,None,None,None,None,None,None,None,None,None,None,None,None,None,None,None,None,None,None,None,None,None,None,None,None,None,None,None,None,None,None,None,None,None,None,None,None,None,None,None,None,None,None,None,None,None,None,None
89,0.575407147,0.419535249,0.559785843,0.40357545,0.54435879,0.397780895,0.532924533,0.400106609,0.525228679,0.40579924,0.540362954,0.388419986,0.52003026,0.395482987,0.511828423,0.411302537,0.508669555,0.424580663,0.543762803,0.395020485,0.522310078,0.407018125,0.51339972,0.42334792,0.510135353,0.436860055,0.547849476,0.404692709,0.527392209,0.416029483,0.518077016,0.430185646,0.514536917,0.441325843,0.552280664,0.416515172,0.53643626,0.426429898,0.527870655,0.436172754,0.522701263,0.443930626,0.423970461,0.385005832,0.443235785,0.370925277,0.45655933,0.3533068,0.465681255,0.341190606,0.467675805,0.331379533,0.447208405,0.321955889,0.464356422,0.316309184,0.466955483,0.335561812,0.464512676,0.34739086,0.440256119,0.324996263,0.460171789,0.324362099,0.462523788,0.344193548,0.458697617,0.354862362,0.434843153,0.33424294,0.45476231,0.333505839,0.457406163,0.349291384,0.453320742,0.358979315,0.430810452,0.347859412,0.446010798,0.345264822,0.450100124,0.354594022,0.448491484,0.361654729
90,0.575902283,0.443317533,0.562728345,0.425790787,0.546698451,0.416974247,0.533810854,0.416354924,0.526043594,0.418159336,0.538581967,0.411579788,0.520409584,0.424337745,0.510019124,0.437212855,0.501878977,0.448332906,0.540464103,0.420599252,0.520583987,0.43538785,0.509236515,0.45036152,0.501388371,0.464028746,0.543812931,0.433180451,0.524588287,0.446304083,0.513225317,0.460509807,0.505170226,0.473029047,0.547806382,0.446518987,0.531986296,0.456968486,0.522474468,0.468339771,0.51434195,0.479116112,0.429787427,0.390933961,0.443821251,0.371014118,0.454024076,0.359698743,0.461983562,0.356010318,0.46755293,0.358001083,0.446578115,0.34274599,0.461145371,0.335660845,0.467683405,0.348828793,0.470145136,0.361565888,0.442731827,0.350695074,0.459704965,0.341737837,0.46794349,0.357356608,0.469959825,0.37227571,0.441011578,0.363886774,0.457784206,0.355335832,0.467343479,0.366190284,0.470744818,0.375685811,0.440566391,0.379657388,0.452839434,0.37147823,0.462735891,0.375227123,0.468997389,0.379732877
91,0.574213505,0.472963363,0.561307728,0.454518408,0.545512557,0.44434604,0.533494592,0.440883607,0.525262237,0.438859791,0.534062266,0.445733786,0.518656254,0.45859009,0.508822262,0.47056067,0.501204789,0.481114924,0.535608709,0.453524113,0.518818974,0.466996491,0.508006155,0.480218381,0.499378145,0.492786705,0.538897574,0.462894827,0.522601485,0.474035382,0.511916518,0.486562461,0.504003465,0.498078495,0.543084383,0.471270949,0.530452371,0.479133397,0.521692812,0.488568157,0.513725936,0.498497456,0.431673497,0.432867408,0.446323991,0.413357019,0.460561812,0.402921885,0.472700119,0.404173583,0.479581416,0.409231305,0.45239231,0.382409483,0.472197473,0.383114338,0.478289306,0.398719937,0.479114562,0.4097507,0.447296917,0.391244501,0.470250338,0.395046592,0.478149623,0.411349028,0.479847699,0.422004491,0.44417733,0.405833244,0.465220124,0.408939928,0.475500017,0.421382636,0.479934245,0.429067463,0.442780197,0.423557013,0.458167553,0.425097048,0.467382193,0.431970745,0.473437011,0.436439514
92,0.557277381,0.512273788,0.542466938,0.492639124,0.526852369,0.489445388,0.515305042,0.493131131,0.507422626,0.499701649,0.516732097,0.50004828,0.49812001,0.517452061,0.493168831,0.528503835,0.492970914,0.533502638,0.518658638,0.51390928,0.499321014,0.534411669,0.494557917,0.543374538,0.49484098,0.545923471,0.523180783,0.527365088,0.505083263,0.543857813,0.499869466,0.550194323,0.499387145,0.551141739,0.529300213,0.538969874,0.514684856,0.551488817,0.508979917,0.557097256,0.506787777,0.558021605,None,None,None,None,None,None,None,None,None,None,None,None,None,None,None,None,None,None,None,None,None,None,None,None,None,None,None,None,None,None,None,None,None,None,None,None,None,None,None,None,None,None
93,0.559884906,0.533405423,0.542893648,0.513196886,0.52727747,0.50996238,0.515237927,0.513503671,0.506396055,0.518442571,0.519655168,0.524420679,0.502836049,0.54073298,0.494117498,0.551469624,0.488306165,0.560521543,0.521791756,0.539214849,0.503279805,0.555771351,0.493916392,0.567335665,0.488448173,0.575791895,0.525651336,0.553023756,0.508613825,0.566598058,0.49923104,0.577146113,0.493250877,0.584706724,0.530733764,0.564436078,0.518151224,0.57530129,0.510293424,0.583025694,0.50396353,0.587979674,0.44149524,0.486745,0.453653544,0.461328596,0.467094332,0.450425297,0.477935135,0.451560676,0.48516202,0.455976099,0.472386271,0.454639941,0.491702676,0.464848161,0.498403192,0.475333482,0.499322027,0.482019514,0.46919176,0.467767924,0.488941997,0.480098993,0.496567905,0.489640981,0.4985874,0.495416015,0.465052217,0.482653171,0.483958453,0.494225115,0.491176993,0.501619935,0.49393332,0.50503099,0.460566342,0.498455167,0.474510878,0.505957127,0.48081705,0.508705735,0.484418422,0.508867025
94,0.560400546,0.554548442,0.541622519,0.533867896,0.525063396,0.53037411,0.513405859,0.53307724,0.506504416,0.53670311,0.519495487,0.548272669,0.505144,0.563344896,0.496169657,0.575584114,0.488894582,0.585081875,0.52259618,0.563632667,0.506554604,0.579876363,0.496046811,0.593872368,0.48752436,0.604720771,0.526064813,0.577281654,0.510309875,0.59137255,0.500426829,0.603878319,0.492426574,0.6131199,0.530060947,0.587680221,0.518083513,0.600047469,0.510451019,0.611715913,0.502822459,0.620956361,0.441615403,0.50733161,0.45499,0.488765836,0.469245434,0.47777307,0.48131451,0.473867565,0.489881486,0.473466843,0.468697011,0.475928247,0.486485124,0.482894957,0.495494783,0.493993104,0.502198458,0.503970385,0.464931667,0.489157498,0.484403998,0.49941507,0.495754778,0.511411428,0.504048705,0.519486725,0.461163849,0.505001783,0.480009973,0.514879525,0.490899563,0.523622453,0.499828994,0.528590798,0.457266569,0.522472382,0.472175121,0.528769612,0.480413735,0.534396589,0.487719506,0.537996888
95,0.549569249,0.586399972,0.530095279,0.573643923,0.514244497,0.576904774,0.504216909,0.583169401,0.498895794,0.591026187,0.510145605,0.593706071,0.490427256,0.614114583,0.485562354,0.62076658,0.486367792,0.621236563,0.512506664,0.606368065,0.490797311,0.629597783,0.484796822,0.634919763,0.486052394,0.634784997,0.516274929,0.6169402,0.496052235,0.635804713,0.490122259,0.642403603,0.489511639,0.644443035,0.521618128,0.624120116,0.507017493,0.639098883,0.500688076,0.645960867,0.497493505,0.650161207,0.451911122,0.536264122,0.464226395,0.518312037,0.479530841,0.512734413,0.491415501,0.514545619,0.497058541,0.51528883,0.481029272,0.518762112,0.502341032,0.536848783,0.50752753,0.547950149,0.507244229,0.553037822,0.477255881,0.532978535,0.500729263,0.55145669,0.507418633,0.561586678,0.508106649,0.567138195,0.473135293,0.548522234,0.495720029,0.563266873,0.50191009,0.569493592,0.503241181,0.572879612,0.469601542,0.564724803,0.487502784,0.571563005,0.493490517,0.572792828,0.495997757,0.572848976
96,0.552699745,0.599616766,0.532450497,0.58403039,0.516624689,0.580137432,0.504946589,0.581693649,0.497556031,0.584651768,0.514072955,0.607684731,0.498622984,0.619394839,0.490290701,0.624817491,0.484223157,0.628800452,0.51631546,0.623626232,0.499460816,0.638990581,0.48921445,0.648269117,0.481329441,0.654819727,0.519990146,0.636991143,0.504325211,0.651263773,0.493909806,0.659223974,0.48498708,0.664475501,0.524655879,0.647021711,0.51331234,0.660394609,0.505330682,0.669103205,0.497478545,0.674720705,0.450543433,0.550799966,0.466828972,0.53641963,0.482771605,0.534016311,0.494631708,0.535234511,0.502177894,0.53648448,0.483060271,0.539910674,0.498227775,0.556342125,0.506826043,0.570935428,0.514177799,0.584478796,0.47724393,0.552171171,0.493736625,0.568420708,0.504965961,0.582781315,0.515500307,0.59608376,0.471017867,0.566004217,0.48731029,0.581880331,0.498251885,0.593728185,0.50811559,0.603582501,0.464666873,0.580725968,0.477369547,0.591478944,0.485641718,0.598428726,0.493180722,0.605202496
97,0.513390303,0.625358343,0.511597157,0.66037786,0.503896654,0.681391656,0.494551092,0.690391004,0.487917572,0.694835126,0.50369215,0.662711024,0.497484058,0.670912683,0.495022178,0.670886576,0.495081902,0.666956604,0.500620067,0.637974679,0.492652804,0.645299613,0.490705967,0.649335802,0.492234796,0.648033619,0.497546405,0.615380108,0.490792394,0.619913936,0.490830123,0.622709632,0.492489517,0.620833576,0.494916052,0.595340133,0.489580244,0.594450474,0.490211964,0.598615408,0.491808623,0.600571692,0.450730205,0.570215344,0.467594683,0.558602214,0.48251459,0.559851885,0.492723525,0.563072979,0.502189279,0.562632084,0.485058248,0.570858538,0.498135269,0.587217212,0.506712437,0.600158036,0.513732135,0.612103581,0.479675919,0.579454482,0.493565261,0.598392367,0.503141224,0.611662328,0.511915326,0.624072194,0.473439366,0.58812499,0.486033887,0.605064452,0.495130271,0.616371691,0.502537429,0.625821054,0.466468185,0.595114648,0.475726008,0.607290208,0.481983095,0.614006937,0.48773858,0.618815184
98,None,None,None,None,None,None,None,None,None,None,None,None,None,None,None,None,None,None,None,None,None,None,None,None,None,None,None,None,None,None,None,None,None,None,None,None,None,None,None,None,None,None,0.455878586,0.60055697,0.472769439,0.585895061,0.489057243,0.587520242,0.50082022,0.592923224,0.507198632,0.599302113,0.494267017,0.610314846,0.51388216,0.64089644,0.51844579,0.652780771,0.517641664,0.657391667,0.489542425,0.6276353,0.511000037,0.661559463,0.514285088,0.673964977,0.511611223,0.677898645,0.483388275,0.642743051,0.504170537,0.672968745,0.507543623,0.683175445,0.505519152,0.687000513,0.476588368,0.654854178,0.493890584,0.676664352,0.499439448,0.684326172,0.499468565,0.6870327
99,0.539087117,0.651847482,0.52873379,0.683262706,0.514893353,0.700176001,0.501422763,0.710708916,0.490701228,0.720766366,0.501493871,0.701306164,0.480125815,0.699122131,0.48125273,0.696956992,0.48652941,0.694723904,0.501431882,0.686372101,0.480820954,0.672671795,0.486351013,0.666948199,0.493974298,0.662365615,0.503174841,0.667470872,0.486000896,0.651501477,0.490630507,0.643739522,0.49721092,0.638599098,0.506274998,0.647752106,0.491462231,0.634847403,0.494728714,0.629872203,0.500193536,0.626792967,0.450979441,0.61285013,0.471697897,0.601395607,0.488582253,0.60301578,0.50146687,0.608947873,0.510316372,0.610387444,0.4905653,0.626285672,0.50712353,0.649688601,0.514588714,0.659541249,0.519159198,0.666411877,0.484796792,0.641911209,0.502553344,0.665923595,0.511569738,0.675984025,0.517332673,0.68208915,0.478477508,0.655551672,0.495583504,0.676353395,0.50524801,0.684945941,0.511071205,0.688560188,0.472032398,0.665920019,0.486420155,0.681840181,0.494267344,0.68802166,0.499943376,0.69085294
100,0.544654846,0.653938591,0.530000329,0.683941662,0.513154507,0.702412307,0.497756094,0.713688731,0.486540645,0.725787222,0.508186877,0.710407257,0.485815048,0.70657903,0.47919786,0.694109559,0.478121608,0.687060952,0.508743107,0.69837147,0.484860897,0.679064155,0.481723636,0.660780966,0.484235257,0.649981558,0.51039654,0.680568159,0.489429623,0.656472325,0.488747656,0.638783455,0.492712259,0.630155027,0.5123052,0.66064328,0.494589776,0.64370209,0.493873477,0.633015335,0.497363299,0.628121495,0.451158345,0.625621498,0.471689194,0.616412699,0.488230437,0.618083715,0.500884533,0.622731328,0.510979116,0.621836424,0.489688545,0.640840113,0.504882813,0.661601067,0.513094902,0.672857821,0.518915415,0.682430625,0.483771086,0.655247569,0.500435591,0.677573979,0.510093868,0.689597547,0.516942382,0.698305607,0.47779426,0.667811811,0.493090808,0.689562798,0.502880692,0.700661004,0.509875894,0.707677662,0.47174859,0.677400351,0.484263211,0.696213841,0.491252065,0.704211295,0.497118175,0.708760023
101,0.546697021,0.658427179,0.528394341,0.682172835,0.512779832,0.70064795,0.499210447,0.709499359,0.487838209,0.719916344,0.511224627,0.71579504,0.490849823,0.705536544,0.482217699,0.692008913,0.47880733,0.684815168,0.513112605,0.708097398,0.490014911,0.690897226,0.482936293,0.673656821,0.481440037,0.662598431,0.51525104,0.693441987,0.491982222,0.675238788,0.486323208,0.659043431,0.485772759,0.650555789,0.516800761,0.674072206,0.498198777,0.662453234,0.493042767,0.655384243,0.491763383,0.652544677,0.453522086,0.636188447,0.473092973,0.627237558,0.488997847,0.6296615,0.501288772,0.635817766,0.511312246,0.636360407,0.489162654,0.653732955,0.504597902,0.674953699,0.513061881,0.687169015,0.519003928,0.697323918,0.482878327,0.66858685,0.499901056,0.691651225,0.509642243,0.704887211,0.516372144,0.714719176,0.476853192,0.680815578,0.491926193,0.702605009,0.501424074,0.713272393,0.508011699,0.719624221,0.471022367,0.689415097,0.482644349,0.708652675,0.489289701,0.715915024,0.494721949,0.71955502
102,0.527661026,0.664787412,0.517057002,0.696088076,0.504496098,0.715224266,0.493540853,0.728211641,0.482471049,0.737179101,0.488564432,0.702627897,0.488037825,0.715544224,0.499423116,0.722321033,0.508838475,0.728149891,0.488221318,0.69206363,0.490889817,0.705645323,0.502906084,0.715306461,0.514244139,0.721168756,0.490677506,0.680467069,0.494638026,0.694301486,0.507225275,0.704016566,0.517940998,0.71246922,0.494782269,0.669956923,0.491492212,0.681839466,0.495558649,0.690499365,0.501579463,0.700430274,0.455754608,0.646136701,0.473627508,0.637453258,0.489497662,0.639838219,0.50251615,0.645811737,0.512814045,0.646660268,0.488923013,0.666170776,0.504914165,0.684791982,0.513797224,0.696506917,0.520499885,0.706873,0.482961535,0.682115734,0.501227915,0.702181399,0.511779547,0.7135216,0.519272149,0.722500205,0.477761567,0.693879485,0.493992865,0.713648736,0.503973842,0.723160625,0.511307955,0.72933346,0.473079175,0.700984657,0.485842437,0.717804134,0.493436575,0.724627614,0.499601454,0.728926837
103,0.531012416,0.672392845,0.522363842,0.703478336,0.508935034,0.719399929,0.498394132,0.729586959,0.489857942,0.740496039,0.495957613,0.705328166,0.493476033,0.719449222,0.501085162,0.727737129,0.508220673,0.73420608,0.497579813,0.693573177,0.497282475,0.709645808,0.507207274,0.723711133,0.517845631,0.733172119,0.500939131,0.681780338,0.501943946,0.696011603,0.512030482,0.711223722,0.52171737,0.721588969,0.50559181,0.670162261,0.503782749,0.681917489,0.508081734,0.692845881,0.513527811,0.702408254,0.458165407,0.654997647,0.475448012,0.644545555,0.490682751,0.645804107,0.503472269,0.652599394,0.513703108,0.655908525,0.490995318,0.673746467,0.506873727,0.692377329,0.515761971,0.702495754,0.522141576,0.711197495,0.484982342,0.689425647,0.503185153,0.709962189,0.513716698,0.720556676,0.520914197,0.728412271,0.479504049,0.700846016,0.49559772,0.72066474,0.505345166,0.729854107,0.512462258,0.735288084,0.474679738,0.708332956,0.487345368,0.724704385,0.49495253,0.73098129,0.501204848,0.734623015
